,name,cluster_coe
0,Thailand,0.0014946605331721545
1,United States of America,0.0014946605331721545
2,Canada,0.0014946605331721545
3,China,0.0014946605331721545
4,Chinese Taipei,0.0014946605331721545
5,New Zealand,0.001471521999096852
6,Japan,0.0014495278423241212
7,Singapore,0.0014495278423241212
8,Australia,0.0014427363508824108
9,South Africa,0.0014180754235360487
